date,Open,High,Low,Close,Volume
2021-09-30 19:30:00,103.13,103.18,103.03,103.1,11359.0
2021-09-30 19:00:00,103.04,103.12,102.9,103.12,13146.0
2021-09-30 18:30:00,102.95,103.03,102.95,103.03,4648.0
2021-09-30 18:00:00,103.0,103.05,102.92,102.92,18708.0
2021-09-30 17:30:00,102.99,103.03,102.95,102.95,7756.0
2021-09-30 17:00:00,102.96,103.05,102.95,103.05,11891.0
2021-09-30 16:30:00,102.9801,103.05,102.95,102.96,12386.0
2021-09-30 16:00:00,102.88,103.7919,102.88,103.01,1608740.0
2021-09-30 15:30:00,103.6712,103.8724,102.81,102.89,4275462.0
2021-09-30 15:00:00,103.84,104.21,103.665,103.67,1978105.0
2021-09-30 14:30:00,104.36,104.36,103.82,103.84,2128794.0
2021-09-30 14:00:00,103.6075,104.37,103.54,104.3622,2759625.0
2021-09-30 13:30:00,103.309,103.6296,103.12,103.6,1789529.0
2021-09-30 13:00:00,103.485,103.795,103.25,103.3005,1726505.0
2021-09-30 12:30:00,103.27,103.75,103.1193,103.46,2194560.0
2021-09-30 12:00:00,103.08,103.45,102.89,103.29,2623544.0
2021-09-30 11:30:00,103.995,104.2,102.7,103.08,4003366.0
2021-09-30 11:00:00,103.15,104.13,102.9,103.9855,3525606.0
2021-09-30 10:30:00,103.17,103.7262,102.78,103.16,4951370.0
2021-09-30 10:00:00,103.805,104.25,103.06,103.185,6382862.0
2021-09-30 09:30:00,102.02,104.44,101.99,103.81,10847968.0
2021-09-30 09:00:00,101.11,102.74,101.11,102.01,328318.0
2021-09-30 08:30:00,100.97,101.21,100.88,101.0712,28290.0
2021-09-30 08:00:00,101.0056,101.06,100.1,100.96,37292.0
2021-09-30 07:30:00,101.02,101.04,100.84,100.9,21877.0
2021-09-30 07:00:00,100.88,101.04,100.8,101.03,18156.0
2021-09-30 06:30:00,100.95,100.95,100.88,100.88,228.0
2021-09-30 06:00:00,101.0,101.0,100.75,100.75,1444.0
2021-09-30 05:30:00,100.94,101.0,100.86,101.0,2524.0
2021-09-30 05:00:00,101.18,101.18,100.99,100.99,3004.0
2021-09-30 04:30:00,101.02,101.2,101.02,101.18,1782.0
2021-09-30 04:00:00,101.4,101.41,100.8,100.9,2743.0
2021-09-29 19:30:00,100.9,100.95,100.66,100.8,32179.0
2021-09-29 19:00:00,100.55,100.95,100.52,100.95,20056.0
2021-09-29 18:30:00,100.3801,100.65,100.38,100.55,7739.0
2021-09-29 18:00:00,100.43,100.47,100.38,100.4,12029.0
2021-09-29 17:30:00,100.44,100.44,100.35,100.4201,20208.0
2021-09-29 17:00:00,100.4,100.44,100.37,100.44,9374.0
2021-09-29 16:30:00,100.31,100.41,100.31,100.39,9960.0
2021-09-29 16:00:00,100.35,100.44,100.0,100.34,1181739.0
2021-09-29 15:30:00,100.83,100.9253,100.1,100.34,2990610.0
2021-09-29 15:00:00,101.33,101.45,100.83,100.84,1967460.0
2021-09-29 14:30:00,100.93,101.345,100.83,101.33,1677062.0
2021-09-29 14:00:00,100.73,101.28,100.68,100.92,2661312.0
2021-09-29 13:30:00,100.57,100.7429,100.09,100.73,2074525.0
2021-09-29 13:00:00,100.36,100.94,100.3,100.575,2177526.0
2021-09-29 12:30:00,99.96,100.55,99.88,100.37,2759613.0
2021-09-29 12:00:00,100.61,100.7861,99.81,99.98,3358349.0
2021-09-29 11:30:00,101.0,101.0799,100.3301,100.62,4134229.0
2021-09-29 11:00:00,102.4631,102.5,100.95,100.99,3355840.0
2021-09-29 10:30:00,101.97,102.47,101.3,102.45,4201895.0
2021-09-29 10:00:00,102.26,102.66,101.7139,101.9764,5355485.0
2021-09-29 09:30:00,102.32,102.4484,100.61,102.2401,8352279.0
2021-09-29 09:00:00,102.39,102.64,102.0599,102.28,97493.0
2021-09-29 08:30:00,102.47,102.61,102.28,102.45,59526.0
2021-09-29 08:00:00,102.7,102.75,102.1,102.44,183467.0
2021-09-29 07:30:00,102.25,102.62,102.1,102.57,54525.0
2021-09-29 07:00:00,102.53,102.67,102.16,102.26,90360.0
2021-09-29 06:30:00,102.7,102.7,102.53,102.53,9193.0
2021-09-29 06:00:00,102.74,102.83,102.69,102.72,1732.0
2021-09-29 05:30:00,102.48,102.53,102.45,102.53,14191.0
2021-09-29 05:00:00,102.55,102.55,102.44,102.45,3938.0
2021-09-29 04:30:00,102.3,102.55,102.3,102.5,5727.0
2021-09-29 04:00:00,102.54,102.72,102.18,102.3,11209.0
2021-09-28 19:30:00,101.04,101.15,100.89,101.15,42562.0
2021-09-28 19:00:00,100.95,101.1,100.92,101.04,12302.0
2021-09-28 18:30:00,101.0,101.1,100.91,100.95,17187.0
2021-09-28 18:00:00,100.95,101.1,100.9,101.01,30815.0
2021-09-28 17:30:00,100.93,101.0499,100.81,100.9,10861.0
2021-09-28 17:00:00,101.01,101.07,100.81,100.81,27280.0
2021-09-28 16:30:00,100.86,101.2,100.8,100.95,77932.0
2021-09-28 16:00:00,101.53,101.64,100.63,100.86,2094873.0
2021-09-28 15:30:00,102.3,102.3699,101.42,101.52,6441670.0
2021-09-28 15:00:00,102.76,102.93,102.292,102.3,4021464.0
2021-09-28 14:30:00,102.57,102.99,102.261,102.7679,3956749.0
2021-09-28 14:00:00,102.27,102.68,102.05,102.58,3773228.0
2021-09-28 13:30:00,102.693,102.86,102.21,102.27,2929585.0
2021-09-28 13:00:00,102.5,102.929,102.21,102.7,3286118.0
2021-09-28 12:30:00,103.17,103.1999,102.32,102.5,4040885.0
2021-09-28 12:00:00,102.9,103.4,102.72,103.1722,3742230.0
2021-09-28 11:30:00,102.89,103.42,102.44,102.91,4953617.0
2021-09-28 11:00:00,103.5,103.6101,102.77,102.8899,5655839.0
2021-09-28 10:30:00,104.25,104.43,103.36,103.5189,5604179.0
2021-09-28 10:00:00,105.6,105.63,103.9432,104.245,7868274.0
2021-09-28 09:30:00,106.79,107.65,105.2239,105.62,8418255.0
2021-09-28 09:00:00,106.49,107.07,106.45,106.83,159191.0
2021-09-28 08:30:00,106.52,106.5699,106.3,106.5,57127.0
2021-09-28 08:00:00,106.2501,107.89,106.07,106.55,167713.0
2021-09-28 07:30:00,106.21,106.7,106.18,106.57,37255.0
2021-09-28 07:00:00,105.91,106.42,105.9,106.19,56186.0
2021-09-28 06:30:00,106.05,106.15,106.0,106.02,7513.0
2021-09-28 06:00:00,105.91,106.23,105.83,106.0,7889.0
2021-09-28 05:30:00,106.15,106.29,106.0,106.06,3652.0
2021-09-28 05:00:00,106.1,106.35,105.96,106.35,6299.0
2021-09-28 04:30:00,106.0,106.27,106.0,106.27,2633.0
2021-09-28 04:00:00,106.48,106.5,105.74,105.99,9392.0
2021-09-27 19:30:00,108.03,108.11,108.0,108.1,23274.0
2021-09-27 19:00:00,108.16,108.16,108.05,108.05,10383.0
2021-09-27 18:30:00,108.24,108.26,108.13,108.13,22820.0
2021-09-27 18:00:00,108.15,108.24,108.12,108.22,9016.0
2021-09-27 17:30:00,108.11,108.16,108.09,108.13,5524.0
2021-09-27 17:00:00,108.15,108.18,108.08,108.09,16304.0
2021-09-27 16:30:00,108.09,108.16,108.08,108.16,17222.0
2021-09-27 16:00:00,108.16,108.25,108.06,108.09,884932.0
2021-09-27 15:30:00,108.14,108.44,108.02,108.14,3731208.0
2021-09-27 15:00:00,107.82,108.28,107.7001,108.15,2744859.0
2021-09-27 14:30:00,107.78,107.869,107.46,107.82,1790234.0
2021-09-27 14:00:00,107.6344,107.94,107.6001,107.7987,2055669.0
2021-09-27 13:30:00,107.4,107.72,107.28,107.635,1671266.0
2021-09-27 13:00:00,107.15,107.68,107.06,107.4,2688193.0
2021-09-27 12:30:00,107.23,107.41,106.71,107.16,2431570.0
2021-09-27 12:00:00,106.94,107.47,106.8,107.25,3258559.0
2021-09-27 11:30:00,107.16,107.3,106.61,106.95,3721977.0
2021-09-27 11:00:00,107.045,107.92,107.04,107.1699,6207358.0
2021-09-27 10:30:00,105.245,107.47,105.13,107.0401,6007638.0
2021-09-27 10:00:00,103.84,105.25,103.6742,105.25,4249473.0
2021-09-27 09:30:00,105.065,105.43,103.44,103.85,5409262.0
2021-09-27 09:00:00,105.08,105.2,104.81,105.02,54065.0
2021-09-27 08:30:00,104.8,105.19,104.67,105.1,40609.0
2021-09-27 08:00:00,105.0,105.2,104.75,104.9001,90904.0
2021-09-27 07:30:00,104.95,105.21,104.91,105.15,19456.0
2021-09-27 07:00:00,105.12,105.23,104.94,104.99,23448.0
2021-09-27 06:30:00,105.25,105.25,105.04,105.04,264.0
2021-09-27 06:00:00,105.25,105.25,105.23,105.25,4209.0
2021-09-27 05:30:00,105.67,105.8,105.39,105.4,7889.0
2021-09-27 05:00:00,105.58,105.98,105.58,105.98,5978.0
2021-09-27 04:30:00,105.8,105.8,105.74,105.75,1124.0
2021-09-27 04:00:00,105.84,105.87,105.84,105.86,972.0
2021-09-24 19:30:00,105.79,105.79,105.75,105.78,1320.0
2021-09-24 19:00:00,105.7899,105.8,105.72,105.8,5250.0
2021-09-24 18:30:00,105.74,105.74,105.73,105.74,6600.0
2021-09-24 18:00:00,105.8,105.8,105.74,105.74,2328.0
2021-09-24 17:30:00,105.79,105.8,105.72,105.8,1360.0
2021-09-24 17:00:00,105.73,105.8,105.71,105.78,4832.0
2021-09-24 16:30:00,105.76,105.79,105.71,105.75,12652.0
2021-09-24 16:00:00,105.8,105.85,105.75,105.81,621241.0
2021-09-24 15:30:00,105.76,105.9298,105.73,105.8,1701525.0
2021-09-24 15:00:00,105.9,105.93,105.53,105.7589,1324210.0
2021-09-24 14:30:00,105.61,105.91,105.59,105.905,852561.0
2021-09-24 14:00:00,105.55,105.7,105.5303,105.61,921726.0
2021-09-24 13:30:00,106.0107,106.015,105.52,105.55,1080905.0
2021-09-24 13:00:00,105.8435,106.0499,105.71,106.016,1054079.0
2021-09-24 12:30:00,105.67,105.91,105.5934,105.8499,1239189.0
2021-09-24 12:00:00,105.3712,105.71,105.27,105.66,1155286.0
2021-09-24 11:30:00,104.82,105.39,104.82,105.3767,1284537.0
2021-09-24 11:00:00,104.8758,105.28,104.769,104.83,1890627.0
2021-09-24 10:30:00,105.39,105.67,104.83,104.88,2351309.0
2021-09-24 10:00:00,105.4,105.62,104.93,105.39,3006512.0
2021-09-24 09:30:00,105.2,105.9,104.68,105.38,4947428.0
2021-09-24 09:00:00,105.13,105.38,105.11,105.25,46487.0
2021-09-24 08:30:00,105.32,105.3301,105.03,105.16,43110.0
2021-09-24 08:00:00,105.3501,105.41,105.05,105.29,86785.0
2021-09-24 07:30:00,105.21,105.38,105.1,105.3,33952.0
2021-09-24 07:00:00,105.38,105.41,105.05,105.27,40103.0
2021-09-24 06:30:00,105.2,105.29,105.2,105.2,4082.0
2021-09-24 06:00:00,105.22,105.22,105.2,105.2,1099.0
2021-09-24 05:30:00,105.42,105.42,105.2,105.2,513.0
2021-09-24 05:00:00,105.47,105.47,105.25,105.25,1199.0
2021-09-24 04:30:00,105.13,105.31,105.13,105.31,2182.0
2021-09-24 04:00:00,105.59,105.59,105.01,105.12,3338.0
2021-09-23 19:30:00,106.19,106.25,106.05,106.2,10011.0
2021-09-23 19:00:00,106.18,106.18,106.12,106.15,9575.0
2021-09-23 18:30:00,106.09,106.19,106.08,106.18,28970.0
2021-09-23 18:00:00,106.19,106.19,106.09,106.1,19266.0
2021-09-23 17:30:00,106.2,106.2,106.1,106.13,13395.0
2021-09-23 17:00:00,106.24,106.24,106.15,106.22,10830.0
2021-09-23 16:30:00,106.03,106.19,106.03,106.13,4944.0
2021-09-23 16:00:00,106.15,106.24,106.06,106.15,871871.0
2021-09-23 15:30:00,106.28,106.5231,106.08,106.15,2106233.0
2021-09-23 15:00:00,106.3,106.445,106.23,106.285,1272671.0
2021-09-23 14:30:00,106.63,106.6972,106.03,106.29,2161687.0
2021-09-23 14:00:00,106.67,106.73,106.41,106.62,1130849.0
2021-09-23 13:30:00,106.845,106.85,106.48,106.665,1448128.0
2021-09-23 13:00:00,106.17,106.86,106.1201,106.85,1762188.0
2021-09-23 12:30:00,105.85,106.215,105.85,106.17,1027288.0
2021-09-23 12:00:00,106.135,106.16,105.68,105.85,1261361.0
2021-09-23 11:30:00,105.785,106.17,105.62,106.13,1774490.0
2021-09-23 11:00:00,106.04,106.04,105.44,105.7799,2681680.0
2021-09-23 10:30:00,106.17,106.37,105.87,106.04,2519370.0
2021-09-23 10:00:00,105.45,106.18,105.421,106.17,3364263.0
2021-09-23 09:30:00,104.89,105.62,103.89,105.44,5683709.0
2021-09-23 09:00:00,105.1,105.15,104.71,104.83,65150.0
2021-09-23 08:30:00,105.29,105.4,104.97,105.09,27893.0
2021-09-23 08:00:00,105.3,105.51,105.11,105.42,46024.0
2021-09-23 07:30:00,105.45,105.53,105.2,105.28,18743.0
2021-09-23 07:00:00,105.11,105.49,105.11,105.45,30834.0
2021-09-23 06:30:00,105.33,105.35,105.23,105.23,1500.0
2021-09-23 06:00:00,105.81,105.81,105.21,105.51,5901.0
2021-09-23 05:30:00,105.68,106.0,105.67,105.82,3936.0
2021-09-23 05:00:00,105.44,106.0,105.43,105.9,8554.0
2021-09-23 04:30:00,105.37,105.5,105.37,105.49,3007.0
2021-09-23 04:00:00,105.29,105.41,105.17,105.37,7639.0
2021-09-22 19:30:00,104.6,104.6,104.53,104.55,18533.0
2021-09-22 19:00:00,104.5,104.6,104.48,104.6,28646.0
2021-09-22 18:30:00,104.47,104.5,104.43,104.5,4242.0
2021-09-22 18:00:00,104.49,104.5,104.47,104.47,2564.0
2021-09-22 17:30:00,104.49,104.5,104.49,104.49,613.0
2021-09-22 17:00:00,104.48,104.5,104.42,104.5,2449.0
2021-09-22 16:30:00,104.4,104.52,104.38,104.47,8837.0
2021-09-22 16:00:00,104.39,104.48,103.6872,104.4,1195933.0
2021-09-22 15:30:00,104.27,104.5598,104.09,104.3874,3079624.0
2021-09-22 15:00:00,103.4401,104.35,103.23,104.275,2907111.0
2021-09-22 14:30:00,104.15,104.24,103.11,103.43,3079703.0
2021-09-22 14:00:00,103.77,104.56,103.18,104.1491,2927405.0
2021-09-22 13:30:00,103.82,103.86,103.53,103.78,914887.0
2021-09-22 13:00:00,103.8799,103.93,103.57,103.8209,1382216.0
2021-09-22 12:30:00,104.18,104.285,103.83,103.8784,1304166.0
2021-09-22 12:00:00,104.105,104.32,103.97,104.1719,1151725.0
2021-09-22 11:30:00,103.88,104.2288,103.86,104.095,1586471.0
2021-09-22 11:00:00,103.83,103.935,103.51,103.882,1813258.0
2021-09-22 10:30:00,103.8366,104.1899,103.81,103.8215,2527810.0
2021-09-22 10:00:00,103.65,103.95,103.3482,103.83,2782179.0
2021-09-22 09:30:00,102.76,103.69,102.21,103.64,3952793.0
2021-09-22 09:00:00,103.11,103.55,102.5,102.63,81153.0
2021-09-22 08:30:00,103.22,103.39,103.18,103.18,20147.0
2021-09-22 08:00:00,103.34,103.347,103.0,103.2,18293.0
2021-09-22 07:30:00,103.08,103.25,103.04,103.1,9383.0
2021-09-22 07:00:00,103.22,103.35,103.0,103.05,12602.0
2021-09-22 06:30:00,103.11,103.3,103.1,103.3,1527.0
2021-09-22 06:00:00,103.19,103.27,103.09,103.09,1365.0
2021-09-22 05:30:00,103.13,103.13,103.13,103.13,466.0
2021-09-22 04:30:00,103.17,103.3,103.15,103.3,1495.0
2021-09-22 04:00:00,103.47,103.48,103.16,103.16,1616.0
2021-09-21 19:30:00,102.5,102.59,102.4,102.42,7405.0
2021-09-21 19:00:00,102.52,102.57,102.5,102.5,4123.0
2021-09-21 18:30:00,102.55,102.56,102.5,102.52,6488.0
2021-09-21 18:00:00,102.6,102.7,102.54,102.55,5433.0
2021-09-21 17:30:00,102.56,102.56,102.5,102.5,4608.0
2021-09-21 17:00:00,102.6,102.61,102.53,102.55,10449.0
2021-09-21 16:30:00,102.6,102.73,102.55,102.55,5858.0
2021-09-21 16:00:00,102.82,102.91,102.5,102.63,1060665.0
2021-09-21 15:30:00,103.15,103.4299,102.79,102.79,2430676.0
2021-09-21 15:00:00,103.1299,103.4099,103.01,103.16,1819635.0
2021-09-21 14:30:00,102.6,103.41,102.58,103.12,1720643.0
2021-09-21 14:00:00,102.7,103.0594,102.53,102.591,1460787.0
2021-09-21 13:30:00,102.585,102.93,102.4841,102.694,1337426.0
2021-09-21 13:00:00,102.64,102.92,102.4552,102.59,1567341.0
2021-09-21 12:30:00,102.78,102.96,102.48,102.65,1886473.0
2021-09-21 12:00:00,102.84,103.24,102.755,102.788,2276689.0
2021-09-21 11:30:00,102.2199,102.92,102.2199,102.84,2209512.0
2021-09-21 11:00:00,101.5585,102.3748,101.32,102.21,2429339.0
2021-09-21 10:30:00,102.0,102.139,101.18,101.55,2190353.0
2021-09-21 10:00:00,101.61,102.005,101.334,101.99,2774490.0
2021-09-21 09:30:00,102.15,102.44,101.23,101.61,5027000.0
2021-09-21 09:00:00,102.05,102.21,101.55,102.14,416262.0
2021-09-21 08:30:00,102.01,102.28,102.01,102.01,43926.0
2021-09-21 08:00:00,102.5399,102.54,101.98,102.05,74985.0
2021-09-21 07:30:00,102.35,102.4,101.94,102.32,34251.0
2021-09-21 07:00:00,102.48,102.54,102.15,102.35,17631.0
2021-09-21 06:30:00,102.43,102.5,102.4,102.4,851.0
2021-09-21 06:00:00,102.53,102.53,102.5,102.5,1119.0
2021-09-21 05:30:00,102.5,102.57,102.47,102.51,2933.0
2021-09-21 05:00:00,102.66,102.66,102.55,102.55,747.0
2021-09-21 04:30:00,102.74,102.94,102.66,102.66,4653.0
2021-09-21 04:00:00,102.5,102.77,102.5,102.75,5041.0
2021-09-20 19:30:00,101.35,101.65,101.2,101.64,22531.0
2021-09-20 19:00:00,101.41,101.5,101.35,101.4,6615.0
2021-09-20 18:30:00,101.51,101.51,101.41,101.42,6277.0
2021-09-20 18:00:00,101.54,101.55,101.45,101.52,12285.0
2021-09-20 17:30:00,101.6299,101.6299,101.4878,101.53,6901.0
2021-09-20 17:00:00,101.4399,101.5699,101.41,101.55,10033.0
2021-09-20 16:30:00,101.4026,101.46,101.35,101.37,10837.0
2021-09-20 16:00:00,101.56,101.56,101.35,101.48,1584427.0
2021-09-20 15:30:00,100.455,101.6,100.34,101.56,3811173.0
2021-09-20 15:00:00,99.95,100.5,99.8838,100.46,2327089.0
2021-09-20 14:30:00,99.65,100.07,99.51,99.95,2706108.0
2021-09-20 14:00:00,100.56,100.6801,99.58,99.65,2800236.0
2021-09-20 13:30:00,100.76,100.845,100.46,100.55,1427878.0
2021-09-20 13:00:00,100.43,100.7987,100.21,100.77,2196698.0
2021-09-20 12:30:00,100.795,100.89,100.424,100.44,1952051.0
2021-09-20 12:00:00,101.42,101.4482,100.48,100.793,2257501.0
2021-09-20 11:30:00,101.86,101.89,101.25,101.425,2116765.0
2021-09-20 11:00:00,101.13,101.87,100.91,101.8587,2248997.0
2021-09-20 10:30:00,101.28,101.37,100.9,101.145,2779254.0
2021-09-20 10:00:00,102.37,102.51,101.04,101.29,3691093.0
2021-09-20 09:30:00,101.63,102.44,100.7,102.3701,6353012.0
2021-09-20 09:00:00,100.8,101.64,100.524,101.62,92758.0
2021-09-20 08:30:00,100.58,100.85,100.41,100.79,92460.0
2021-09-20 08:00:00,100.75,102.18,100.3,100.5,184584.0
2021-09-20 07:30:00,101.38,101.46,100.53,100.79,90024.0
2021-09-20 07:00:00,102.16,102.16,101.22,101.28,60838.0
2021-09-20 06:30:00,102.15,102.15,101.86,101.89,2977.0
2021-09-20 06:00:00,101.86,102.1,101.81,102.03,9329.0
2021-09-20 05:30:00,101.99,101.99,101.8,101.8,15579.0
2021-09-20 05:00:00,102.16,102.16,101.75,101.92,17333.0
2021-09-20 04:30:00,102.15,102.45,102.1,102.16,11177.0
2021-09-20 04:00:00,102.63,102.75,102.0,102.0,15650.0
2021-09-17 19:30:00,103.55,103.56,103.4,103.56,24029.0
2021-09-17 19:00:00,103.58,103.6,103.5,103.55,6605.0
2021-09-17 18:30:00,103.56,103.62,103.53,103.55,14651.0
2021-09-17 18:00:00,103.73,103.73,103.55,103.55,15493.0
2021-09-17 17:30:00,103.78,103.8,103.69,103.69,7571.0
2021-09-17 17:00:00,103.72,103.8,103.68,103.8,23020.0
2021-09-17 16:30:00,103.75,103.85,103.6,103.71,15708.0
2021-09-17 16:00:00,103.88,103.89,103.74,103.74,5864267.0
2021-09-17 15:30:00,104.045,104.32,103.71,103.88,3544462.0
2021-09-17 15:00:00,104.2,104.35,104.01,104.04,1387914.0
2021-09-17 14:30:00,104.06,104.31,103.95,104.1988,1508751.0
2021-09-17 14:00:00,104.09,104.4199,104.05,104.06,1231244.0
2021-09-17 13:30:00,104.465,104.62,103.95,104.1,1761576.0
2021-09-17 13:00:00,104.55,104.66,104.36,104.465,1115984.0
2021-09-17 12:30:00,104.4031,104.755,104.4031,104.5521,1409758.0
2021-09-17 12:00:00,104.21,104.55,104.18,104.405,1464430.0
2021-09-17 11:30:00,104.36,104.52,103.98,104.2231,3055422.0
2021-09-17 11:00:00,104.9301,104.935,104.335,104.37,2851194.0
2021-09-17 10:30:00,105.185,105.185,104.59,104.9368,2693206.0
2021-09-17 10:00:00,104.98,105.59,104.85,105.18,3031549.0
2021-09-17 09:30:00,105.51,105.98,104.8,104.99,5804193.0
2021-09-17 09:00:00,106.35,106.52,105.51,105.52,140347.0
2021-09-17 08:30:00,106.48,106.5499,106.23,106.2701,29428.0
2021-09-17 08:00:00,106.0018,106.45,105.8704,106.45,40079.0
2021-09-17 07:30:00,105.92,106.03,105.88,106.0,10306.0
2021-09-17 07:00:00,106.12,106.15,105.9,105.9,10699.0
2021-09-17 06:30:00,105.85,105.91,105.85,105.86,1270.0
2021-09-17 06:00:00,105.88,105.88,105.79,105.81,5957.0
2021-09-17 05:30:00,106.13,106.24,105.97,105.97,3953.0
2021-09-17 05:00:00,106.25,106.25,106.24,106.24,1033.0
2021-09-17 04:30:00,106.4,106.4,106.39,106.39,340.0
2021-09-17 04:00:00,106.22,106.4,106.22,106.4,2251.0
2021-09-16 19:30:00,106.2,106.25,106.14,106.25,12980.0
2021-09-16 19:00:00,106.2001,106.25,106.2,106.25,7822.0
2021-09-16 18:30:00,106.21,106.2799,106.2,106.2,4547.0
2021-09-16 18:00:00,106.2,106.22,106.14,106.2,7562.0
2021-09-16 17:30:00,106.2,106.21,106.13,106.13,12094.0
2021-09-16 17:00:00,106.11,106.2,106.11,106.2,5838.0
2021-09-16 16:30:00,106.16,106.37,106.1,106.1,21458.0
2021-09-16 16:00:00,106.22,106.3,106.1,106.16,680208.0
2021-09-16 15:30:00,106.315,106.595,106.1,106.22,2990072.0
2021-09-16 15:00:00,106.44,106.75,106.29,106.31,2527598.0
2021-09-16 14:30:00,106.19,106.53,106.1,106.44,2432205.0
2021-09-16 14:00:00,105.5399,106.47,105.44,106.1899,5039370.0
2021-09-16 13:30:00,104.66,105.58,104.565,105.5399,3153886.0
2021-09-16 13:00:00,104.41,104.74,104.3116,104.665,939928.0
2021-09-16 12:30:00,104.285,104.49,104.275,104.405,940806.0
2021-09-16 12:00:00,104.32,104.51,104.24,104.28,1028143.0
2021-09-16 11:30:00,104.355,104.54,104.135,104.33,1338538.0
2021-09-16 11:00:00,104.51,104.73,104.1,104.3585,1896466.0
2021-09-16 10:30:00,104.51,104.879,104.32,104.53,2260582.0
2021-09-16 10:00:00,104.17,104.6299,103.8058,104.51,2967041.0
2021-09-16 09:30:00,104.915,104.915,103.76,104.16,4905197.0
2021-09-16 09:00:00,105.2,105.23,104.82,104.85,38468.0
2021-09-16 08:30:00,105.13,105.36,105.0,105.2,35169.0
2021-09-16 08:00:00,105.39,105.47,105.08,105.13,24546.0
2021-09-16 07:30:00,105.28,105.3,105.1,105.14,7377.0
2021-09-16 07:00:00,105.33,105.52,105.24,105.24,9029.0
2021-09-16 06:30:00,105.27,105.27,105.26,105.26,260.0
2021-09-16 06:00:00,105.27,105.27,105.27,105.27,138.0
2021-09-16 05:30:00,105.35,105.35,105.21,105.21,554.0
2021-09-16 05:00:00,105.35,105.35,105.35,105.35,100.0
2021-09-16 04:30:00,105.36,105.36,105.36,105.36,200.0
2021-09-16 04:00:00,105.6,105.6,105.4,105.4,1029.0
2021-09-15 19:30:00,105.62,105.63,105.58,105.6,4408.0
2021-09-15 19:00:00,105.6,105.63,105.58,105.63,4148.0
2021-09-15 18:30:00,105.62,105.62,105.6,105.62,2396.0
2021-09-15 18:00:00,105.62,105.64,105.6,105.6,4363.0
2021-09-15 17:30:00,105.64,105.65,105.6201,105.64,7030.0
2021-09-15 17:00:00,105.6,105.65,105.58,105.6,6445.0
2021-09-15 16:30:00,105.54,105.63,105.53,105.57,13342.0
2021-09-15 16:00:00,105.6,105.6,105.25,105.51,946666.0
2021-09-15 15:30:00,105.42,105.62,105.28,105.6,2705589.0
2021-09-15 15:00:00,105.21,105.53,105.18,105.4141,1566594.0
2021-09-15 14:30:00,105.155,105.26,104.955,105.2114,1379977.0
2021-09-15 14:00:00,104.885,105.42,104.88,105.155,2001160.0
2021-09-15 13:30:00,104.74,105.0099,104.525,104.88,1686823.0
2021-09-15 13:00:00,104.7107,104.79,104.52,104.73,1132974.0
2021-09-15 12:30:00,104.4999,104.91,104.48,104.71,1717182.0
2021-09-15 12:00:00,104.845,104.87,104.03,104.495,2596361.0
2021-09-15 11:30:00,104.94,104.9999,104.44,104.85,1655612.0
2021-09-15 11:00:00,104.37,105.18,104.36,104.9499,2481155.0
2021-09-15 10:30:00,104.71,105.17,104.18,104.36,3143100.0
2021-09-15 10:00:00,104.85,105.6399,104.49,104.72,4071171.0
2021-09-15 09:30:00,106.04,106.32,104.39,104.85,5515872.0
2021-09-15 09:00:00,106.07,106.33,106.01,106.03,39715.0
2021-09-15 08:30:00,105.95,106.25,105.7538,106.07,25007.0
2021-09-15 08:00:00,105.85,106.14,105.8101,105.89,46429.0
2021-09-15 07:30:00,105.86,105.95,105.82,105.95,8774.0
2021-09-15 07:00:00,105.92,105.94,105.78,105.86,17370.0
2021-09-15 06:30:00,105.99,106.09,105.76,105.85,10996.0
2021-09-15 06:00:00,106.1,106.15,105.94,105.95,30331.0
2021-09-15 05:30:00,106.11,106.15,106.1,106.1,5418.0
2021-09-15 05:00:00,106.18,106.19,106.18,106.19,200.0
2021-09-15 04:30:00,106.1,106.16,106.1,106.16,968.0
2021-09-15 04:00:00,106.15,106.15,106.15,106.15,150.0
2021-09-14 19:30:00,105.87,105.93,105.81,105.93,25737.0
2021-09-14 19:00:00,105.83,105.88,105.81,105.86,3524.0
2021-09-14 18:30:00,105.8,105.83,105.78,105.83,2310.0
2021-09-14 18:00:00,105.79,105.85,105.76,105.83,3862.0
2021-09-14 17:30:00,105.82,105.88,105.79,105.79,6515.0
2021-09-14 17:00:00,105.81,105.9,105.7601,105.9,3169.0
2021-09-14 16:30:00,105.8,105.85,105.75,105.83,8231.0
2021-09-14 16:00:00,105.73,105.9375,105.59,105.84,697180.0
2021-09-14 15:30:00,105.565,105.7599,105.34,105.71,2288066.0
2021-09-14 15:00:00,105.8698,105.8999,105.43,105.5798,1613765.0
2021-09-14 14:30:00,106.18,106.2,105.51,105.87,2119349.0
2021-09-14 14:00:00,106.6298,106.77,106.12,106.19,1427627.0
2021-09-14 13:30:00,106.4199,106.76,106.14,106.627,1954434.0
2021-09-14 13:00:00,106.3899,106.55,105.89,106.42,2415330.0
2021-09-14 12:30:00,106.3,106.43,105.78,106.38,2442498.0
2021-09-14 12:00:00,106.5306,106.78,106.28,106.3099,1510071.0
2021-09-14 11:30:00,106.06,106.82,106.04,106.5303,3688409.0
2021-09-14 11:00:00,105.407,106.14,105.407,106.0701,2548707.0
2021-09-14 10:30:00,106.1999,106.21,105.1701,105.41,4028947.0
2021-09-14 10:00:00,104.71,106.3125,104.42,106.1999,4483841.0
2021-09-14 09:30:00,105.52,106.0,104.56,104.73,5189343.0
2021-09-14 09:00:00,105.19,105.64,105.05,105.52,62478.0
2021-09-14 08:30:00,104.55,105.39,104.4902,105.22,73491.0
2021-09-14 08:00:00,104.6532,104.78,104.37,104.5,17385.0
2021-09-14 07:30:00,104.6,104.6,104.4,104.42,3887.0
2021-09-14 07:00:00,104.6,104.78,104.58,104.58,7117.0
2021-09-14 06:30:00,104.63,104.64,104.63,104.64,795.0
2021-09-14 06:00:00,104.62,104.62,104.53,104.53,232.0
2021-09-14 05:00:00,104.7,104.72,104.7,104.72,1000.0
2021-09-14 04:30:00,104.79,104.8,104.73,104.79,996.0
2021-09-14 04:00:00,104.8,104.8,104.6,104.6,782.0
2021-09-13 19:30:00,104.8,104.9,104.7,104.87,8894.0
2021-09-13 19:00:00,104.8,104.85,104.71,104.7101,9124.0
2021-09-13 18:30:00,104.82,104.85,104.8,104.8,6901.0
2021-09-13 18:00:00,104.8,104.84,104.8,104.83,4426.0
2021-09-13 17:30:00,104.85,104.85,104.8,104.8,7515.0
2021-09-13 17:00:00,104.87,104.88,104.84,104.85,4805.0
2021-09-13 16:30:00,104.8,104.85,104.8,104.84,8291.0
2021-09-13 16:00:00,104.8,104.97,104.61,104.8,740866.0
2021-09-13 15:30:00,104.3,104.82,104.21,104.79,2874602.0
2021-09-13 15:00:00,103.95,104.319,103.42,104.3,1857416.0
2021-09-13 14:30:00,103.81,103.965,103.62,103.95,1226255.0
2021-09-13 14:00:00,103.85,104.1899,103.71,103.81,1330251.0
2021-09-13 13:30:00,103.8975,103.94,103.71,103.84,1219068.0
2021-09-13 13:00:00,104.345,104.49,103.83,103.8938,1340861.0
2021-09-13 12:30:00,104.08,104.4363,103.92,104.36,1427084.0
2021-09-13 12:00:00,103.54,104.29,103.42,104.0812,1904146.0
2021-09-13 11:30:00,103.33,103.88,103.33,103.535,1882085.0
2021-09-13 11:00:00,103.89,104.0397,103.0535,103.34,2356446.0
2021-09-13 10:30:00,103.45,103.99,103.26,103.8859,2659201.0
2021-09-13 10:00:00,103.71,103.85,102.63,103.4401,4325191.0
2021-09-13 09:30:00,105.2,105.28,103.015,103.7,6617327.0
2021-09-13 09:00:00,105.55,105.6,105.1,105.2,95894.0
2021-09-13 08:30:00,105.44,105.63,105.39,105.56,45151.0
2021-09-13 08:00:00,105.66,105.7,105.3,105.44,62084.0
2021-09-13 07:30:00,105.61,105.65,105.3,105.34,25826.0
2021-09-13 07:00:00,105.62,105.65,105.56,105.63,12890.0
2021-09-13 06:30:00,105.58,105.6,105.55,105.6,1560.0
2021-09-13 06:00:00,105.52,105.52,105.52,105.52,340.0
2021-09-13 05:30:00,105.51,105.51,105.51,105.51,100.0
2021-09-13 05:00:00,105.34,105.35,105.34,105.35,435.0
2021-09-13 04:30:00,105.6,105.6,105.22,105.22,900.0
2021-09-13 04:00:00,105.43,105.59,105.36,105.59,2389.0
2021-09-10 19:30:00,105.0,105.04,104.97,104.97,15800.0
2021-09-10 19:00:00,104.99,105.04,104.99,105.0,11122.0
2021-09-10 18:30:00,105.03,105.07,104.98,104.98,7327.0
2021-09-10 18:00:00,105.07,105.1099,105.02,105.02,6534.0
2021-09-10 17:30:00,105.04,105.08,105.0,105.07,59370.0
2021-09-10 17:00:00,105.07,105.09,105.01,105.09,2558.0
2021-09-10 16:30:00,105.1,105.13,104.97,105.05,21992.0
2021-09-10 16:00:00,105.2,105.32,105.08,105.08,805028.0
2021-09-10 15:30:00,105.6,105.69,104.98,105.22,3492209.0
2021-09-10 15:00:00,106.055,106.13,105.59,105.6101,1571420.0
2021-09-10 14:30:00,106.235,106.24,105.97,106.06,1484067.0
2021-09-10 14:00:00,106.48,106.62,106.2,106.23,941904.0
2021-09-10 13:30:00,106.43,106.56,106.32,106.48,1042872.0
2021-09-10 13:00:00,106.135,106.5,106.07,106.445,1332931.0
2021-09-10 12:30:00,106.0,106.27,105.98,106.13,951886.0
2021-09-10 12:00:00,106.225,106.42,105.91,106.0,1424759.0
2021-09-10 11:30:00,106.0518,106.4101,106.0498,106.23,1755496.0
2021-09-10 11:00:00,105.82,106.36,105.67,106.0523,2387987.0
2021-09-10 10:30:00,105.774,105.9897,105.41,105.83,3323491.0
2021-09-10 10:00:00,106.5,106.56,105.73,105.7899,3455762.0
2021-09-10 09:30:00,107.04,107.04,106.41,106.485,4415717.0
2021-09-10 09:00:00,106.97,107.09,106.82,107.05,72657.0
2021-09-10 08:30:00,107.08,107.09,106.94,106.98,31136.0
2021-09-10 08:00:00,106.75,107.09,106.71,107.0,41508.0
2021-09-10 07:30:00,106.9,106.93,106.88,106.93,15261.0
2021-09-10 07:00:00,106.75,106.93,106.72,106.9,15072.0
2021-09-10 06:30:00,106.66,106.9,106.66,106.9,15843.0
2021-09-10 06:00:00,106.62,106.89,106.6,106.68,5112.0
2021-09-10 05:30:00,106.64,106.64,106.64,106.64,500.0
2021-09-10 05:00:00,106.7,106.7,106.7,106.7,116.0
2021-09-10 04:30:00,106.69,106.7,106.69,106.7,871.0
2021-09-10 04:00:00,106.78,106.78,106.69,106.69,1953.0
2021-09-09 19:30:00,106.15,106.28,106.13,106.28,9239.0
2021-09-09 19:00:00,106.11,106.2,106.09,106.18,5300.0
2021-09-09 18:30:00,106.15,106.2,106.1,106.2,1812.0
2021-09-09 18:00:00,106.2,106.23,106.15,106.15,5134.0
2021-09-09 17:30:00,106.17,106.26,106.15,106.23,7373.0
2021-09-09 17:00:00,106.15,106.19,106.0,106.15,16525.0
2021-09-09 16:30:00,106.25,106.25,106.11,106.19,8359.0
2021-09-09 16:00:00,106.14,106.31,106.01,106.26,744709.0
2021-09-09 15:30:00,106.3191,106.49,105.92,106.14,2572979.0
2021-09-09 15:00:00,106.53,106.66,106.32,106.32,1129514.0
2021-09-09 14:30:00,106.46,106.565,106.2301,106.5399,1073191.0
2021-09-09 14:00:00,106.29,106.525,106.0996,106.47,1354640.0
2021-09-09 13:30:00,106.14,106.395,105.93,106.279,1954117.0
2021-09-09 13:00:00,106.415,106.7381,105.84,106.1603,2236009.0
2021-09-09 12:30:00,106.54,106.6,106.37,106.4147,933225.0
2021-09-09 12:00:00,106.55,106.7399,106.405,106.54,1427470.0
2021-09-09 11:30:00,106.4688,106.61,106.2701,106.5467,1430036.0
2021-09-09 11:00:00,106.5899,106.8999,106.43,106.47,1945525.0
2021-09-09 10:30:00,106.6795,107.015,106.46,106.587,2163959.0
2021-09-09 10:00:00,106.56,107.0401,106.1883,106.67,3559287.0
2021-09-09 09:30:00,106.53,107.2953,106.3909,106.555,5600863.0
2021-09-09 09:00:00,106.3,106.56,106.19,106.51,48076.0
2021-09-09 08:30:00,106.0,106.5,105.9,106.33,83945.0
2021-09-09 08:00:00,105.7599,106.08,105.4,105.99,62186.0
2021-09-09 07:30:00,105.54,106.0,105.41,105.96,18127.0
2021-09-09 07:00:00,105.49,105.54,105.4,105.54,3115.0
2021-09-09 06:30:00,105.39,105.42,105.28,105.35,6085.0
2021-09-09 06:00:00,105.5,105.5,105.28,105.28,2404.0
2021-09-09 05:30:00,105.25,105.76,105.25,105.55,4326.0
2021-09-09 05:00:00,105.37,105.37,105.02,105.25,3667.0
2021-09-09 04:30:00,105.42,105.42,105.42,105.42,172.0
2021-09-09 04:00:00,105.87,105.87,105.41,105.41,2472.0
2021-09-08 19:30:00,105.99,106.0,105.8,105.88,20798.0
2021-09-08 19:00:00,106.0,106.07,105.95,105.99,10002.0
2021-09-08 18:30:00,106.06,106.06,106.01,106.04,2033.0
2021-09-08 18:00:00,106.09,106.17,106.02,106.04,6280.0
2021-09-08 17:30:00,106.09,106.09,106.05,106.08,5229.0
2021-09-08 17:00:00,106.08,106.1,106.07,106.1,650.0
2021-09-08 16:30:00,106.03,106.17,106.01,106.01,331922.0
2021-09-08 16:00:00,106.18,106.18,106.01,106.01,1331353.0
2021-09-08 15:30:00,106.35,106.3596,105.96,106.18,2757171.0
2021-09-08 15:00:00,106.425,106.52,106.28,106.35,1380105.0
2021-09-08 14:30:00,106.53,106.5371,106.25,106.4295,921678.0
2021-09-08 14:00:00,106.4099,106.78,106.4,106.53,1237828.0
2021-09-08 13:30:00,106.565,106.67,106.35,106.39,1395267.0
2021-09-08 13:00:00,106.53,106.615,106.17,106.57,1719548.0
2021-09-08 12:30:00,106.4101,106.675,106.27,106.53,1739377.0
2021-09-08 12:00:00,105.74,106.528,105.6,106.42,2811873.0
2021-09-08 11:30:00,106.25,106.42,105.52,105.75,2584804.0
2021-09-08 11:00:00,105.845,106.42,105.82,106.2301,3260629.0
2021-09-08 10:30:00,107.14,107.25,105.54,105.84,6278555.0
2021-09-08 10:00:00,107.74,107.7889,106.97,107.14,3885443.0
2021-09-08 09:30:00,108.82,109.3,107.37,107.74,6157837.0
2021-09-08 09:00:00,108.75,109.1789,108.5,108.89,29391.0
2021-09-08 08:30:00,108.6043,108.84,108.6,108.786,18445.0
2021-09-08 08:00:00,108.89,109.0,108.52,108.7,71863.0
2021-09-08 07:30:00,108.82,108.82,108.66,108.78,4795.0
2021-09-08 07:00:00,108.8,108.98,108.8,108.83,5282.0
2021-09-08 06:30:00,108.66,108.9,108.66,108.9,4133.0
2021-09-08 06:00:00,108.8,108.87,108.67,108.67,1882.0
2021-09-08 05:00:00,108.37,108.88,108.37,108.85,9052.0
2021-09-08 04:30:00,108.3,108.36,108.21,108.35,1099.0
2021-09-08 04:00:00,108.42,108.6,108.26,108.38,2941.0
2021-09-07 19:30:00,109.04,109.05,108.4,108.8,48453.0
2021-09-07 19:00:00,109.1,109.1,109.04,109.05,1205.0
2021-09-07 18:30:00,109.06,109.06,109.04,109.04,1609.0
2021-09-07 18:00:00,109.04,109.05,109.01,109.05,3059.0
2021-09-07 17:30:00,108.94,109.06,108.94,109.01,8619.0
2021-09-07 17:00:00,109.04,109.15,108.9,108.92,11690.0
2021-09-07 16:30:00,109.02,109.06,109.0,109.05,6154.0
2021-09-07 16:00:00,109.15,109.2,108.97,109.03,1131442.0
2021-09-07 15:30:00,109.14,109.24,109.0,109.09,1591596.0
2021-09-07 15:00:00,109.15,109.35,109.09,109.15,955914.0
2021-09-07 14:30:00,109.24,109.2699,109.04,109.1599,838037.0
2021-09-07 14:00:00,109.17,109.37,109.09,109.244,816714.0
2021-09-07 13:30:00,109.28,109.34,109.12,109.18,692276.0
2021-09-07 13:00:00,109.295,109.32,109.02,109.285,1108770.0
2021-09-07 12:30:00,109.41,109.56,109.27,109.29,928389.0
2021-09-07 12:00:00,109.265,109.44,109.115,109.405,1339376.0
2021-09-07 11:30:00,109.36,109.68,109.2199,109.26,1615498.0
2021-09-07 11:00:00,109.77,109.8099,109.1601,109.36,2400314.0
2021-09-07 10:30:00,109.04,109.8501,109.02,109.775,2904192.0
2021-09-07 10:00:00,109.25,109.28,108.66,109.03,3450774.0
2021-09-07 09:30:00,109.97,110.58,108.93,109.25,5347239.0
2021-09-07 09:00:00,110.11,110.16,109.8,109.97,39849.0
2021-09-07 08:30:00,110.15,110.216,110.0,110.12,17014.0
2021-09-07 08:00:00,110.037,110.25,109.86,110.14,44043.0
2021-09-07 07:30:00,110.0,110.14,110.0,110.1,7536.0
2021-09-07 07:00:00,109.96,110.09,109.89,110.09,12519.0
2021-09-07 06:30:00,109.92,109.92,109.92,109.92,200.0
2021-09-07 06:00:00,110.11,110.11,109.92,109.96,4500.0
2021-09-07 05:30:00,110.19,110.2,110.01,110.13,5348.0
2021-09-07 05:00:00,110.11,110.11,110.04,110.1,602.0
2021-09-07 04:30:00,110.21,110.3,110.1,110.17,2452.0
2021-09-07 04:00:00,110.0,110.15,110.0,110.03,626.0
2021-09-03 19:30:00,109.88,109.9,109.86,109.86,6613.0
2021-09-03 19:00:00,109.89,109.9,109.87,109.9,997.0
2021-09-03 18:30:00,109.91,109.92,109.86,109.91,2452.0
2021-09-03 18:00:00,109.93,109.99,109.91,109.92,6723.0
2021-09-03 17:30:00,109.9201,109.95,109.91,109.91,1018.0
2021-09-03 17:00:00,109.96,110.0,109.92,109.95,11791.0
2021-09-03 16:30:00,109.94,109.99,109.89,109.95,13030.0
2021-09-03 16:00:00,109.92,109.95,109.84,109.93,929900.0
2021-09-03 15:30:00,110.04,110.21,109.8101,109.91,2072707.0
2021-09-03 15:00:00,110.11,110.33,109.965,110.03,1559788.0
2021-09-03 14:30:00,110.1918,110.21,109.95,110.109,1091354.0
2021-09-03 14:00:00,110.305,110.42,110.17,110.185,1076384.0
2021-09-03 13:30:00,110.4,110.459,110.15,110.3077,1438020.0
2021-09-03 13:00:00,110.5299,110.62,110.28,110.39,1326966.0
2021-09-03 12:30:00,110.78,110.84,110.44,110.525,1483523.0
2021-09-03 12:00:00,110.3,110.78,110.14,110.7799,1981523.0
2021-09-03 11:30:00,110.185,110.6088,110.14,110.3,2208589.0
2021-09-03 11:00:00,109.89,110.46,109.72,110.18,3631742.0
2021-09-03 10:30:00,110.4873,110.92,109.79,109.89,5209861.0
2021-09-03 10:00:00,110.75,111.17,110.42,110.4806,7181406.0
2021-09-03 09:30:00,108.85,110.78,108.5,110.74,7238057.0
2021-09-03 09:00:00,109.15,109.26,108.8,108.9,60882.0
2021-09-03 08:30:00,109.63,109.74,108.95,109.19,70389.0
2021-09-03 08:00:00,109.4999,109.7,109.32,109.57,61771.0
2021-09-03 07:30:00,109.58,109.64,109.55,109.6,7699.0
2021-09-03 07:00:00,109.6,109.64,109.43,109.58,14108.0
2021-09-03 06:30:00,109.6,109.6,109.6,109.6,200.0
2021-09-03 06:00:00,109.8,109.8,109.56,109.56,1117.0
2021-09-03 05:30:00,109.76,109.76,109.76,109.76,120.0
2021-09-03 05:00:00,109.55,110.0,109.55,109.78,7282.0
2021-09-03 04:30:00,109.48,109.5,109.35,109.35,3281.0
2021-09-03 04:00:00,109.3,109.42,109.3,109.42,775.0
2021-09-02 19:30:00,109.15,109.19,109.14,109.16,5262.0
2021-09-02 19:00:00,109.16,109.16,109.15,109.15,2008.0
2021-09-02 18:30:00,109.19,109.24,109.15,109.16,6571.0
2021-09-02 18:00:00,109.2,109.2,109.12,109.19,3518.0
2021-09-02 17:30:00,109.24,109.25,109.24,109.24,4520.0
2021-09-02 17:00:00,109.21,109.25,109.2,109.24,14924.0
2021-09-02 16:30:00,109.2,109.29,109.2,109.28,7002.0
2021-09-02 16:00:00,109.195,109.24,109.1,109.2,771601.0
2021-09-02 15:30:00,109.19,109.24,108.91,109.19,2917241.0
2021-09-02 15:00:00,109.46,109.47,109.13,109.18,1681744.0
2021-09-02 14:30:00,109.315,109.53,109.2219,109.455,1147720.0
2021-09-02 14:00:00,109.56,109.56,109.13,109.32,1687233.0
2021-09-02 13:30:00,109.7685,109.92,109.42,109.56,1738537.0
2021-09-02 13:00:00,110.2636,110.31,109.75,109.78,1448102.0
2021-09-02 12:30:00,110.2,110.29,109.82,110.27,1621040.0
2021-09-02 12:00:00,110.42,110.54,110.0445,110.19,2077761.0
2021-09-02 11:30:00,110.8025,110.88,110.38,110.42,2287862.0
2021-09-02 11:00:00,110.035,110.85,109.751,110.805,2980801.0
2021-09-02 10:30:00,109.83,110.36,109.73,110.035,3796539.0
2021-09-02 10:00:00,109.01,109.94,108.94,109.85,4428450.0
2021-09-02 09:30:00,110.31,110.49,108.77,108.99,7463181.0
2021-09-02 09:00:00,110.34,110.52,110.28,110.31,62649.0
2021-09-02 08:30:00,110.16,110.38,110.15,110.34,41124.0
2021-09-02 08:00:00,109.6508,110.18,109.56,110.16,46500.0
2021-09-02 07:30:00,109.85,110.18,109.85,110.13,22407.0
2021-09-02 07:00:00,109.8,109.8,109.65,109.78,19830.0
2021-09-02 06:30:00,109.82,109.85,109.82,109.85,382.0
2021-09-02 06:00:00,109.8,109.8,109.75,109.76,532.0
2021-09-02 05:30:00,109.83,109.98,109.83,109.85,1093.0
2021-09-02 05:00:00,110.01,110.05,109.79,109.79,1670.0
2021-09-02 04:30:00,110.0,110.01,110.0,110.01,1391.0
2021-09-02 04:00:00,109.92,110.15,109.9,109.9,8330.0
2021-09-01 19:30:00,109.48,109.54,109.37,109.37,23976.0
2021-09-01 19:00:00,109.49,109.49,109.45,109.4601,2498.0
2021-09-01 18:30:00,109.46,109.5,109.43,109.48,5520.0
2021-09-01 18:00:00,109.44,109.57,109.41,109.43,13167.0
2021-09-01 17:30:00,109.42,109.48,109.41,109.45,10593.0
2021-09-01 17:00:00,109.45,109.45,109.35,109.42,31533.0
2021-09-01 16:30:00,109.7,109.74,109.4,109.48,44764.0
2021-09-01 16:00:00,109.99,109.99,109.0,109.65,782184.0
2021-09-01 15:30:00,110.465,110.58,109.85,109.97,3039543.0
2021-09-01 15:00:00,110.4601,110.59,110.26,110.48,1798227.0
2021-09-01 14:30:00,110.5601,110.6286,110.23,110.4683,1970453.0
2021-09-01 14:00:00,110.81,110.87,110.46,110.56,1497446.0
2021-09-01 13:30:00,111.04,111.085,110.765,110.815,1212494.0
2021-09-01 13:00:00,111.125,111.1827,110.82,111.0423,1680259.0
2021-09-01 12:30:00,110.925,111.1699,110.89,111.12,1520104.0
2021-09-01 12:00:00,110.87,111.21,110.81,110.92,1787368.0
2021-09-01 11:30:00,110.88,111.1498,110.55,110.88,2429533.0
2021-09-01 11:00:00,110.91,111.45,110.85,110.87,2823717.0
2021-09-01 10:30:00,110.65,111.16,110.44,110.9138,3288579.0
2021-09-01 10:00:00,110.52,110.77,110.076,110.65,3613487.0
2021-09-01 09:30:00,111.3,111.85,110.305,110.5,6676038.0
2021-09-01 09:00:00,111.42,111.45,110.7522,111.3,44560.0
2021-09-01 08:30:00,111.36,111.53,111.35,111.43,30971.0
2021-09-01 08:00:00,111.31,111.5,110.83,111.38,97045.0
2021-09-01 07:30:00,111.18,111.5,111.18,111.3,19910.0
2021-09-01 07:00:00,110.98,111.21,110.83,111.18,12664.0
2021-09-01 06:00:00,110.92,110.93,110.92,110.92,1458.0
2021-09-01 05:30:00,110.67,110.67,110.67,110.67,175.0
2021-09-01 05:00:00,110.6,110.81,110.6,110.81,2193.0
2021-09-01 04:30:00,110.72,110.76,110.52,110.6,1429.0
2021-09-01 04:00:00,111.39,111.39,110.87,110.87,2946.0
